"Tutorial","Description","Hyperlink"
"Accent Color - Change in Windows 10","Change Color of Start Menu, Taskbar, Title bars, and Action Center in Windows 10","https://www.tenforums.com/tutorials/3380-change-accent-color-windows-10-a.html"
"Accent Colors History - Clear in Windows 10","How to Clear Recent Colors History in Windows 10","https://www.tenforums.com/tutorials/95462-clear-recent-colors-history-windows-10-a.html"
"Access Key Shortcuts in Menus - Turn On or Off Underline in Windows 10","How to Turn On or Off Underline Access Key Shortcuts in Menus in Windows 10","https://www.tenforums.com/tutorials/97413-turn-off-underline-access-key-shortcuts-menus-windows-10-a.html"
"Accessibility Tool to Launch - Change in Windows 8 and 10","How to Change Accessibility Tool to Launch in Windows 8 and Windows 10","https://www.tenforums.com/tutorials/15395-change-accessibility-tool-launch-windows-a.html"
"Account - Add in Windows 10","How to Add a Local Account or Microsoft Account in Windows 10","https://www.tenforums.com/tutorials/5375-add-local-account-microsoft-account-windows-10-a.html"
"Account - Automatically Sign in to at Windows 10 Startup","How to Automatically Sign in to User Account at Startup in Windows 10","https://www.tenforums.com/tutorials/3539-automatically-sign-user-account-windows-10-startup-a.html"
"Account - Delete in Windows 10","How to Delete a User Account in Windows 10","https://www.tenforums.com/tutorials/5464-delete-user-account-windows-10-a.html"
"Account Details - View in Windows 10","How to View Full Details of All User Accounts in Windows 10","https://www.tenforums.com/tutorials/5518-view-full-details-all-user-accounts-windows-10-a.html"
"Account - Enable or Disable in Windows 10","How to Enable or Disable User Accounts in Windows 10","https://www.tenforums.com/tutorials/51276-enable-disable-account-windows-10-a.html"
"Account Fingerprint - Add or Remove in Windows 10","How to Add or Remove a Fingerprint for your Account in Windows 10","https://www.tenforums.com/tutorials/7597-add-remove-fingerprint-windows-10-a.html"
"Account First Sign-in Animation - Turn On or Off in Windows 10","How to Enable or Disable User First Sign-in Animation in Windows 10","https://www.tenforums.com/tutorials/3348-turn-off-user-first-sign-in-animation-windows-10-a.html"
"Account - Hide or Unhide in Windows 10","How to Enable or Disable User Accounts in Windows 10","https://www.tenforums.com/tutorials/5440-hide-unhide-user-account-windows-10-a.html"
"Account Info - Allow or Deny OS and Apps Access in Windows 10","How to Allow or Deny OS and Apps Access to Account Info in Windows 10","https://www.tenforums.com/tutorials/9134-allow-deny-os-apps-access-account-info-windows-10-a.html"
"Account Lockout Duration - Change for Local Accounts in Windows 10","How to Change Account Lockout Duration for Local Accounts in Windows 10","https://www.tenforums.com/tutorials/165451-change-account-lockout-duration-local-accounts-windows-10-a.html"
"Account Lockout Reset Counter After - Change for Local Accounts in Windows 10","How to Change Reset Account Lockout Counter for Local Accounts in Windows 10","https://www.tenforums.com/tutorials/165456-change-reset-account-lockout-counter-local-accounts-windows-10-a.html"
"Account Lockout Threshold - Change for Local Accounts in Windows 10","How to Change Account Lockout Threshold for Local Accounts in Windows 10","https://www.tenforums.com/tutorials/165453-change-account-lockout-threshold-local-accounts-windows-10-a.html"
"Account Name - Change in Windows 10","How to Change User Name of Account in Windows 10","https://www.tenforums.com/tutorials/5898-change-user-name-account-windows-10-a.html"
"Account Names and User Profiles - Get List of in Windows 11","Get List of User Profiles and Account Names in Windows 11","https://www.elevenforum.com/t/get-list-of-user-profiles-and-account-names-in-windows-11.14315/"
"Account Password - Add to Local Account in Windows 10","How to Add Password to Local Account in Windows 10","https://www.tenforums.com/tutorials/5534-add-password-local-account-windows-10-a.html"
"Account Password - Allow or Prevent Change by User in Windows 10","How to Allow or Prevent User to Change Password in Windows 10","https://www.tenforums.com/tutorials/54755-allow-prevent-user-change-password-windows-10-a.html"
"Account Password - Change in Windows 10","How to Change Password of Local Account or Microsoft Account in Windows 10","https://www.tenforums.com/tutorials/5498-change-password-windows-10-a.html"
"Account Password - Remove in Windows 10","How to Remove Password of Local Account in Windows 10","https://www.tenforums.com/tutorials/5548-remove-password-local-account-windows-10-a.html"
"Account Password - Reset in Windows 10","How to Reset Password of Local Account or Microsoft Account in Windows 10","https://www.tenforums.com/tutorials/5549-reset-password-windows-10-a.html"
"Account Picture - Apply Default Account Picture to All Users in Windows 10","How to Apply Default Account Picture to All Users in Windows 10","https://www.tenforums.com/tutorials/5554-apply-default-account-picture-all-users-windows-10-a.html"
"Account Picture - Change Default Account Picture in Windows 10","How to Change Default Account Picture in Windows 10","https://www.tenforums.com/tutorials/5556-change-default-account-picture-windows-10-a.html"
"Account Picture - Change in Windows 10","How to Change Your Account Picture in Windows 10","https://www.tenforums.com/tutorials/5558-change-account-picture-windows-10-a.html"
"Account Picture History - Delete in Windows 10","How to Delete Recent Account Picture History in Windows 10","https://www.tenforums.com/tutorials/95588-delete-recent-account-picture-history-windows-10-a.html"
"Account Picture Menu on Start Menu - Add or Remove in Windows 10","Add or Remove Account Picture Menu on Start Menu in Windows 10 and Windows 11","https://www.elevenforum.com/t/add-or-remove-account-picture-menu-on-start-menu-in-windows-11.8584/"
"Account Picture Menu on Start Menu - Add or Remove 'Change account settings'","Add or Remove 'Change account settings' in Account Picture Menu on Start Menu","https://www.elevenforum.com/t/add-or-remove-change-account-settings-in-account-picture-menu-on-start-menu.8585/"
"Account Picture Menu on Start Menu - Add or Remove Lock in Windows 10","How to Add or Remove Lock in Account Picture Menu in Windows 10","https://www.tenforums.com/tutorials/100093-add-remove-lock-account-picture-menu-windows-10-a.html"
"Account Picture Menu on Start Menu - Add or Remove Sign out in Windows 10","Add or Remove Sign out in Account Picture Menu on Start Menu in Windows 10","https://www.elevenforum.com/t/add-or-remove-sign-out-in-account-picture-menu-on-start-menu-in-windows-11.8586/"
"Account Picture Password - Add in Windows 10","How to Add a Picture Password to your Account in Windows 10","https://www.tenforums.com/tutorials/5576-add-picture-password-account-windows-10-a.html"
"Account Picture Password - Change in Windows 10","How to Change Picture Password for your Account in Windows 10","https://www.tenforums.com/tutorials/5578-change-picture-password-account-windows-10-a.html"
"Account Picture Password - Remove in Windows 10","How to Remove a Picture Password from your Account in Windows 10","https://www.tenforums.com/tutorials/5580-remove-picture-password-account-windows-10-a.html"
"Account Picture Password - Replay in Windows 10","How to Replay your Picture Password in Windows 10","https://www.tenforums.com/tutorials/5582-replay-picture-password-windows-10-a.html"
"Account Picture Settings Shortcut - Create in Windows 10","How to Create an 'Account Picture' Settings Shortcut in Windows 10","https://www.tenforums.com/tutorials/5584-create-account-picture-settings-shortcut-windows-10-a.html"
"Account PIN - Add in Windows 10","How to Add a PIN to your Account in Windows 10","https://www.tenforums.com/tutorials/5586-add-pin-account-windows-10-a.html"
"Account PIN - Fix Unable to Add or Use in Windows 10","How to Fix Unable to Add and Use PIN Sign-in Option in Windows 10","https://www.tenforums.com/tutorials/164857-fix-unable-add-use-pin-sign-option-windows-10-a.html"
"Account PIN - Change in Windows 10","How to Change the PIN for your Account in Windows 10","https://www.tenforums.com/tutorials/5588-change-pin-account-windows-10-a.html"
"Account PIN - Remove in Windows 10","How to Remove PIN from your Account in Windows 10","https://www.tenforums.com/tutorials/5590-remove-pin-account-windows-10-a.html"
"Account PIN Reset at Sign-in - Enable or Disable in Windows 10","How to Enable or Disable PIN Reset at Sign-in in Windows 10","https://www.tenforums.com/tutorials/5592-enable-disable-pin-reset-sign-windows-10-a.html"
"Account PIN - Reset in Windows 10","How to Reset the PIN for your Account in Windows 10","https://www.tenforums.com/tutorials/5594-reset-pin-account-windows-10-a.html"
"Account Profile Folder - Change Name in Windows 10","How to Change the Name of a User Profile Folder in Windows 10","https://www.tenforums.com/tutorials/89060-change-name-user-profile-folder-windows-10-a.html"
"Account SID - Find in Windows","How to Find Security Identifier (SID) of User in Windows","https://www.tenforums.com/tutorials/5433-find-security-identifier-sid-user-windows-a.html"
"Account Type - Change in Windows 10","How to Change a User's Account Type in Windows 10","https://www.tenforums.com/tutorials/5598-change-user-account-type-windows-10-a.html"
"Account Type - Determine in Windows 10","How to Determine if Users are an Administrator or Standard User in Windows 10","https://www.tenforums.com/tutorials/5600-determine-if-user-administrator-standard-user-windows-10-a.html"
"Account Type - See if Local or Microsoft Account in Windows 10","How to Check if User is a Local Account or Microsoft Account in Windows 10","https://www.tenforums.com/tutorials/5602-check-if-user-local-account-microsoft-account-windows-10-a.html"
"Account - Unlock in Windows 10","How to Unlock a Local Account in Windows 10","https://www.tenforums.com/tutorials/5604-unlock-local-account-windows-10-a.html"
"Accounts Settings context menu - Add in Windows 10","How to Add or Remove Accounts Settings context menu in Windows 10","https://www.tenforums.com/tutorials/5606-add-remove-accounts-settings-context-menu-windows-10-a.html"
"Accounts used by other apps - Add and Remove in Windows 10","How to Add and Remove Accounts used by other apps in Windows 10","https://www.tenforums.com/tutorials/5608-add-remove-accounts-used-other-apps-windows-10-a.html"
